Code,Profile,Code,Profile,Code,Profile,Code,Profile
7777,Overshift,7776,Overshift,7775,Overshift,7774,Inspirational
7773,Inspirational,7772,Inspirational,7771,Inspirational,7767,Overshift
7766,Overshift,7765,Overshift,7764,Inspirational,7763,Inspirational
7762,Inspirational,7761,Inspirational,7757,Overshift,7756,Overshift
7755,Overshift,7754,Inspirational,7753,Inspirational,7752,Inspirational
7731,Inspirational,7747,Appraiser,7746,Appraiser,7745,Appraiser
7744,Inspirational,7743,Inspirational,7742,Inspirational,7741,Inspirational
7737,Appraiser,7736,Appraiser,7735,Appraiser,7734,Inspirational
7733,Inspirational,7732,Inspirational,7727,Appraiser,7726,Appraiser
7725,Appraiser,7724,Inspirational,7723,Inspirational,7722,Inspirational
7721,Inspirational,7717,Appraiser,7716,Appraiser,7715,Appraiser
7714,Inspirational,7713,Inspirational,7712,Inspirational,7711,Inspirational
7576,Overshift,7575,Overshift,7374,Achiever,7373,Achiever
7172,Achiever,7171,Achiever,6667,Overshift,6666,Overshift
7574,Achiever,7372,Achiever,7167,Investigator,6665,Overshift
7573,Achiever,7371,Achiever,7572,Achiever,7367,Investigator
7166,Investigator,7165,Investigator,6664,Inspirational,6465,Investigator
6464,Achiever,5463,Achiever,6442,Achiever,6663,Inspirational
6461,Achiever,7571,Achiever,7366,Investigator,7164,Achiever
6662,Inspirational,6457,Investigator,7567,Overshift,7365,Investigator
7163,Achiever,6461,Inspirational,7566,Overshift,7364,Achiever
7162,Achiever,6657,Overshift,7565,Overshift,7363,Achiever
7161,Achiever,6656,Overshift,6456,Investigator,6455,Investigator
6454,Achiever,7564,Achiever,7362,Achiever,7157,Investigator
6655,Overshift,7563,Achiever,7361,Achiever,7156,Investigator
6654,Inspirational,6453,Achiever,6452,Achiever,7562,Achiever
7357,Investigator,7155,Investigator,6653,Inspirational,6451,Achiever
7561,Achiever,7356,Investigator,7154,Achiever,6652,Inspirational
6447,Creative,7557,Overshift,7355,Investigator,7153,Achiever
6651,Inspirational,7556,Overshift,7354,Achiever,7152,Achiever
6647,Appraiser,7555,Overshift,7353,Achiever,7151,Achiever
6645,Appraiser,7554,Result-Oriented,7352,Achiever,7147,Creative
6645,Appraiser,7553,Result-Oriented,7351,Achiever,7146,Creative
6644,Inspirational,7552,Result-Oriented,7347,Creative,7145,Creative
4643,Inspirational,7551,Result-Oriented,7346,Creative,7144,Developer
6642,Inspirational,7547,Creative,7345,Creative,7143,Developer
6641,Inspirational,6446,Creative,6445,Creative,6444,Result-Oriented
6443,Result-Oriented,6442,Result-Oriented,6441,Result-Oriented,6437,Creative
6436,Creative,7546,Creative,7344,Developer,7545,Creative
7343,Developer,7142,Developer,7141,Developer,4437,Appraiser
6435,Creative,6636,Appraiser,6434,Result-Oriented,7544,Result-Oriented
7543,Result-Oriented,7542,Result-Oriented,7342,Developer,7341,Developer
7337,Creative,7137,Creative,6635,Appraiser,7136,Creative
6634,Inspirational,7135,Creative,6633,Inspirational,6433,Result-Oriented
6432,Result-Oriented,6431,Result-Oriented,7541,Result-Oriented,7336,Creative
7134,Developer,6632,Inspirational,6427,Creative,7537,Creative
7335,Creative,7133,Developer,6631,Inspirational,6426,Creative
7536,Creative,7334,Developer,7132,Developer,6627,Appraiser
6425,Creative,7535,Creative,7333,Developer,7131,Developer
6626,Appraiser,6424,Result-Oriented,7534,Result-Oriented,7332,Developer
7127,Creative,6625,Appraiser,6423,Result-Oriented,7533,Result-Oriented
7331,Developer,7126,Creative,7532,Result-Oriented,7327,Creative
7125,Creative,7531,Result-Oriented,7326,Creative,7527,Creative
7325,Creative,7124,Developer,7123,Developer,6624,Inspirational
6622,Inspirational,6621,Inspirational,6422,Result-Oriented,6623,Inspirational
6421,Result-Oriented,6417,Creative,6416,Creative,7521,Result-Oriented
7517,Creative,7516,Creative,7515,Creative,7514,Result-Oriented
7513,Result-Oriented,7526,Creative,7324,Developer,7122,Developer
6617,Appraiser,6415,Creative,7525,Creative,7323,Developer
7121,Developer,6616,Appraiser,6414,Result-Oriented,7524,Result-Oriented
7322,Developer,7117,Creative,6615,Appraiser,6413,Result-Oriented
7523,Result-Oriented,7321,Developer,7116,Creative,6414,Inspirational
8412,Result-Oriented,7522,Result-Oriented,7317,Creative,7115,Creative
6613,Inspirational,6411,Result-Oriented,7316,Creative,7114,Developer
7315,Creative,7314,Developer,7113,Developer,7112,Developer
6612,Inspirational,6611,Inspirational,7313,Developer,7312,Developer
7311,Developer,6377,Investigator,6376,Investigator,6375,Investigator
6374,Achiever,6373,Achiever,6372,Achiever,6371,Achiever
6367,Investigator,6366,Investigator,6365,Investigator,6364,Achiever
6363,Achiever,6362,Achiever,6361,Achiever,6357,Investigator
6356,Investigator,6355,Investigator,6354,Achiever,6353,Achiever
6352,Achiever,6351,Achiever,6347,Creative,6346,Creative
6345,Creative,6344,Developer,6343,Developer,6342,Developer
6341,Developer,6337,Creative,6336,Creative,6335,Creative
6334,Developer,6333,Developer,6332,Developer,6331,Developer
6327,Creative,6326,Creative,6325,Creative,6324,Developer
6323,Developer,6322,Developer,6321,Developer,6317,Creative
6316,Creative,6315,Creative,6314,Developer,6313,Developer
6312,Developer,6311,Developer,7111,Developer,6577,Overshift
6576,Overshift,6575,Overshift,6574,Achiever,6573,Achiever
6572,Achiever,6571,Achiever,6567,Overshift,6566,Overshift
6565,Overshift,6564,Achiever,6563,Achiever,6562,Achiever
6561,Achiever,6557,Overshift,6556,Overshift,6555,Overshift
6554,Result-Oriented,6553,Result-Oriented,6552,Result-Oriented,6551,Result-Oriented
6547,Creative,6546,Creative,6545,Creative,6544,Result-Oriented
6543,Result-Oriented,6542,Result-Oriented,6541,Result-Oriented,6537,Creative
6536,Creative,6535,Creative,6534,Result-Oriented,6533,Result-Oriented
6532,Result-Oriented,6531,Result-Oriented,6527,Creative,6526,Creative
6525,Creative,6524,Result-Oriented,6523,Result-Oriented,6522,Result-Oriented
6521,Creative,6517,Creative,6516,Creative,6515,Creative
6514,Result-Oriented,6513,Result-Oriented,6512,Result-Oriented,7512,Result-Oriented
6777,Overshift,7511,Result-Oriented,7477,Investigator,7476,Investigator
7475,Investigator,7474,Achiever,7473,Achiever,7472,Achiever
7471,Achiever,7467,Investigator,7466,Investigator,7465,Investigator
7464,Achiever,7463,Achiever,7462,Achiever,7461,Achiever
7457,Investigator,7456,Investigator,7455,Investigator,7454,Achiever
7453,Achiever,7452,Achiever,7451,Achiever,7447,Creative
7446,Creative,7445,Creative,7444,Result-Oriented,7443,Result-Oriented
7442,Result-Oriented,7441,Result-Oriented,7437,Creative,7436,Creative
7435,Creative,7434,Result-Oriented,7433,Result-Oriented,7432,Result-Oriented
7431,Result-Oriented,7427,Creative,7426,Creative,7425,Creative
7424,Result-Oriented,7423,Result-Oriented,7422,Result-Oriented,7421,Result-Oriented
7417,Creative,7416,Creative,7415,Creative,7414,Result-Oriented
7413,Result-Oriented,7412,Result-Oriented,7411,Result-Oriented,6776,Overshift
7277,Investigator,7276,Investigator,7275,Investigator,7274,Achiever
7273,Achiever,7272,Achiever,7271,Achiever,7267,Investigator
7266,Investigator,7265,Investigator,7264,Achiever,7263,Achiever
7262,Achiever,7261,Achiever,7257,Investigator,7256,Investigator
7255,Investigator,7254,Achiever,7253,Achiever,7252,Achiever
7251,Achiever,7247,Creative,7246,Creative,7245,Creative
7244,Developer,7243,Developer,7242,Developer,7241,Developer
7237,Creative,7236,Creative,7235,Creative,7234,Developer
7233,Developer,7232,Developer,7231,Developer,7227,Creative
7226,Creative,7225,Creative,7224,Developer,7223,Developer
7222,Developer,7221,Developer,7217,Creative,7216,Creative
7215,Creative,7214,Developer,7213,Developer,7212,Developer
7211,Developer,6775,Overshift,6774,Inspirational,6773,Inspirational
7677,Overshift,7676,Overshift,7675,Overshift,7674,Achiever
7673,Achiever,7672,Achiever,7671,Achiever,7667,Overshift
7666,Overshift,7665,Overshift,7664,Inspirational,7663,Inspirational
7662,Inspirational,7661,Inspirational,7657,Overshift,7656,Overshift
7655,Overshift,7654,Inspirational,7653,Inspirational,7652,Inspirational
7651,Inspirational,7647,Creative,7646,Creative,7645,Creative
7644,Inspirational,7643,Inspirational,7642,Inspirational,7641,Inspirational
7637,Creative,7636,Creative,7635,Creative,7634,Inspirational
7633,Inspirational,7632,Inspirational,7631,Inspirational,7627,Creative
7626,Creative,7625,Creative,7624,Inspirational,7623,Inspirational
7622,Inspirational,7621,Inspirational,7617,Creative,7616,Creative
7615,Creative,7614,Inspirational,7613,Inspirational,7612,Inspirational
7611,Inspirational,6772,Inspirational,6771,Inspirational,6767,Overshift
6766,Overshift,6765,Overshift,6764,Inspirational,6763,Inspirational
6762,Inspirational,6761,Inspirational,6757,Overshift,6756,Overshift
6755,Overshift,6754,Inspirational,6753,Inspirational,6752,Inspirational
6751,Inspirational,6747,Appraiser,6746,Appraiser,6745,Appraiser
6744,Inspirational,6742,Inspirational,6741,Inspirational,6743,Inspirational
6737,Appraiser,6736,Appraiser,7577,Overshift,7377,Investigator
7376,Investigator,7375,Investigator,6721,Inspirational,6716,Appraiser
6713,Inspirational,6712,Inspirational,6711,Inspirational,6476,Investigator
6735,Appraiser,6734,Inspirational,6733,Inspirational,6732,Inspirational
6731,Inspirational,6727,Appraiser,6726,Appraiser,6725,Appraiser
6724,Inspirational,6723,Inspirational,6722,Inspirational,6717,Appraiser
6715,Appraiser,6511,Result-Oriented,6477,Investigator,6677,Overshift
6475,Investigator,6676,Overshift,6474,Achiever,7177,Investigator
6675,Overshift,8473,Achiever,6273,Achiever,6272,Achiever
6271,Achiever,7176,Investigator,7175,Investigator,7174,Achiever
6674,Inspirational,6472,Achiever,6673,Inspirational,6471,Achiever
6267,Investigator,6266,Investigator,6672,Inspirational,6467,Investigator
6265,Investigator,7173,Achiever,4671,Inspirational,6466,Investigator
6264,Achiever,6714,Inspirational,6277,Investigator,6276,Investigator
6275,Investigator,6274,Achiever,6263,Achiever,6262,Achiever
6261,Achiever,6257,Investigator,6256,Investigator,6255,Investigator
6254,Achiever,5761,Counselor,5556,Overshift,5354,Achiever
5152,Achiever,4647,Appraiser,5757,Overshift,5555,Overshift
5353,Achiever,5151,Achiever,4646,Appraiser,5756,Overshift
5554,Tight,5352,Achiever,5147,Creative,4645,Appraiser
5755,Overshift,5553,Counselor,5351,Achiever,5146,Creative
4644,Promoter,5754,Persuader,5552,Counselor,5347,Creative
5145,Creative,4643,Promoter,5753,Persuader,5551,Counselor
5346,Creative,5144,Developer,4642,Promoter,5752,Persuader
5547,Appraiser,5345,Creative,5143,Developer,4641,Promoter
6253,Achiever,5751,Persuader,5546,Appraiser,5344,Developer
5142,Developer,4637,Appraiser,6252,Achiever,5747,Appraiser
5545,Appraiser,5343,Developer,5141,Developer,4636,Appraiser
6251,Achiever,5746,Appraiser,5544,Tight,5342,Developer
5137,Creative,4635,Appraiser,6247,Creative,6246,Creative
5745,Appraiser,5543,Inspirational,5341,Developer,5136,Creative
4634,Promoter,5744,Persuader,5542,Inspirational,5337,Creative
5135,Creative,4433,Promoter,6245,Creative,5743,Persuader
5541,Inspirational,5336,Creative,5134,Developer,4632,Promoter
6244,Developer,5742,Persuader,5537,Appraiser,5335,Creative
5133,Developer,4631,Promoter,6243,Developer,5741,Persuader
5536,Appraiser,5334,Developer,5132,Developer,4627,Appraiser
6242,Developer,5737,Appraiser,5535,Appraiser,5333,Developer
5131,Developer,4626,Appraiser,6241,Developer,5736,Appraiser
5534,Inspirational,5332,Developer,5127,Creative,4625,Appraiser
6237,Creative,5735,Appraiser,5533,Inspirational,5331,Developer
5126,Creative,4624,Promoter,6236,Creative,5734,Persuader
5532,Inspirational,5327,Creative,5125,Creative,4623,Promoter
6235,Creative,5733,Persuader,5531,Inspirational,5326,Creative
5124,Developer,4622,Promoter,6234,Developer,6233,Developer
5732,Persuader,5527,Appraiser,5325,Creative,5123,Developer
4621,Promoter,5731,Persuader,5526,Appraiser,5324,Developer
5122,Developer,4617,Appraiser,6232,Developer,5727,Appraiser
5525,Appraiser,5323,Developer,5121,Developer,4616,Appraiser
6231,Developer,5726,Appraiser,5524,Inspirational,5322,Developer
5117,Creative,4615,Appraiser,6227,Creative,5725,Appraiser
6226,Creative,5724,Persuader,5523,Inspirational,5522,Inspirational
5321,Developer,5116,Creative,4614,Promoter,5317,Creative
5115,Creative,4613,Promoter,6225,Creative,5723,Persuader
5521,Inspirational,5316,Creative,5114,Developer,4612,Promoter
6224,Developer,5722,Persuader,5517,Appraiser,5315,Creative
5113,Developer,4611,Promoter,6223,Developer,5721,Persuader
5516,Appraiser,5314,Developer,6222,Developer,5717,Appraiser
5515,Appraiser,5313,Developer,5112,Developer,5111,Developer
6221,Developer,5716,Appraiser,5514,Inspirational,5312,Developer
4577,Practitioner,4576,Practitioner,4575,Practitioner,4574,Agent
4573,Agent,4572,Agent,4571,Agent,4567,Practitioner
4566,Practitioner,4565,Practitioner,4564,Agent,4563,Agent
4562,Agent,4561,Agent,4557,Practitioner,4556,Practitioner
4555,Tight,4554,Counselor,4553,Counselor,4552,Counselor
4551,Counselor,4547,Practitioner,4546,Practitioner,4545,Practitioner
4544,Tight,4543,Counselor,4542,Counselor,4541,Counselor
4537,Appraiser,4536,Appraiser,4535,Appraiser,4534,Promoter
4533,Promoter,4532,Promoter,4531,Promoter,4527,Appraiser
4526,Appraiser,4525,Appraiser,4524,Promoter,4523,Promoter
4522,Promoter,4521,Promoter,4517,Appraiser,4516,Appraiser
4515,Appraiser,4514,Promoter,4513,Promoter,4512,Promoter
4511,Promoter,6217,Creative,5715,Appraiser,5513,Inspirational
5311,Developer,6216,Creative,5714,Persuader,5512,Inspirational
4777,Practitioner,6215,Creative,6214,Developer,6213,Developer
6212,Developer,6211,Developer,4177,Investigator,6176,Investigator